{
  "startup_time_ms": 9825.986385345459,
  "end_to_end_latency_ms": 1944.2596435546875,
  "peak_memory_mb": 477.778452
}