{
  "startup_time_ms": 9770.514249801636,
  "end_to_end_latency_ms": 1303.1785488128662,
  "peak_memory_mb": 478.140489
}