{
  "overall_distribution": {
    "count": 250,
    "mean": 0.3263929353572255,
    "median": 0.324044544470226,
    "max": 0.4794615569434485,
    "min": 0.22014005244437812,
    "histogram": {
      "0.0-0.1": 0,
      "0.1-0.2": 0,
      "0.2-0.3": 76,
      "0.3-0.4": 160,
      "0.4-0.5": 14,
      "0.5-0.6": 0,
      "0.6-0.7": 0,
      "0.7-0.8": 0,
      "0.8-0.9": 0,
      "0.9-1.0": 0
    }
  },
  "top_100_distribution": {
    "count": 100,
    "mean": 0.3741621513142694,
    "median": 0.3676737282339305,
    "max": 0.4794615569434485,
    "min": 0.3320135655270671
  },
  "latency_seconds": 0.9259934425354004,
  "peak_memory_mb": 8.751157
}