{
  "count": 750,
  "min": 0.08172264984524232,
  "max": 0.4302138804253294,
  "mean": 0.24015699577500557,
  "median": 0.23665523372361685,
  "std_dev": 0.05081374541936114,
  "histogram": {
    "0.0-0.1": 1,
    "0.1-0.2": 197,
    "0.2-0.3": 466,
    "0.3-0.4": 83,
    "0.4-0.5": 3,
    "0.5-0.6": 0,
    "0.6-0.7": 0,
    "0.7-0.8": 0,
    "0.8-0.9": 0,
    "0.9-1.0": 0
  }
}